recipe_id,display_name,design_mode,best_for,source_ids,interaction_layer,purpose,dependency_boundary,reduced_motion,fallback,verification,avoid
none-product-ui,无高级交互 Product UI,Product UI,表格/表单/审批/权限/设置,none,CSS transition only,保持高频工作稳定和可扫描,不新增 GSAP/Three.js,保留状态色和 opacity,无动画最终状态,screenshot + keyboard + reduced motion,避免为了高级感添加滚动叙事或 3D
ai-tool-trace-gsap,AI 工具调用链路,Hybrid,AI 助手/诊断/自动化执行,"gsap-core|gsap-matchmedia",GSAP timeline + CSS feedback,展示工具调用步骤/等待/阻塞/结果,tech-design 确认 GSAP；普通消息 enter 不用 GSAP,保留步骤文本移除 travel/stagger,CSS opacity + final state,reduced motion + repeated submit + cleanup,避免抽象光效盖过真实执行信息
batch-progress-gsap,批处理进度编排,Product UI,导入导出/批量审批/后台任务,"gsap-core|gsap-matchmedia",GSAP timeline for progress only,让用户理解当前步骤和可恢复点,只在多步骤 timeline 使用；按钮和 toast 仍用 CSS,跳到当前步骤并保留进度文本,静态 stepper + progress bar,step failure + retry + cleanup,避免循环 loading 替代真实进度
brand-hero-gsap,品牌首屏 GSAP signature,Brand Surface,官网/活动页/作品集,"gsap-core|gsap-scrolltrigger|gsap-matchmedia",GSAP hero timeline,建立一个记忆点和叙事节奏,只允许一个 signature；其余 section 用 CSS/Motion,直接显示最终 hero 内容,静态 hero image / final layout,desktop/mobile/reduced motion screenshots,避免每屏都滚动飞入
layout-flip-transition,空间关系 Flip 转场,Hybrid,卡片到详情/列表重排/看板状态变化,"gsap-flip|gsap-matchmedia",GSAP Flip,让用户理解同一对象在布局间迁移,只有同一对象空间关系明确时使用,直接切换布局并保留焦点,CSS state switch,initial/target/rapid toggle/focus,避免无意义的卡片飞来飞去
three-product-viewer,3D 产品查看器,Brand Surface,硬件/商品/模型/空间对象,"three-docs|three-examples|r3f-examples|drei|tresjs",Three.js scene,展示真实 3D 对象和关键角度,tech-design 确认框架；Vue 优先 TresJS；React 可 R3F/Drei,停止自动旋转并保留静态角度,静态图片/多角度截图,canvas nonblank + asset failure + mobile perf,避免无产品对象的装饰 3D
three-data-spatial,空间数据 / 知识图谱,Hybrid,知识图谱/关系网络/空间数据,"three-docs|three-examples|tresjs|r3f-examples",Three.js data scene,表达二维难以说明的空间关系,只有数据关系真实需要空间时使用,改为二维图或列表,2D graph/table fallback,canvas + labels + keyboard alternative,避免科技感点线背景
shader-brand-signature,Shader 品牌材质,Brand Surface,概念页/活动页/高级品牌视觉,"three-docs|three-examples",Three.js shader / particles,创造一个可识别材质或氛围,必须有性能预算和可读性检查,停用循环和相机运动,静态 bitmap background,contrast + performance + reduced motion,避免文字盖在低对比动态背景上
command-microinteractions,命令面板微交互,Product UI,命令面板/快捷操作/开发者工具,gsap-core optional,CSS + optional tiny timeline,强化键盘反馈和结果确认,默认 CSS；只有命令链路演示才用 GSAP,保留 focus ring 和结果状态,CSS-only command palette,keyboard + focus + rapid input,避免输入框动效影响效率
